Domain,Receive Time,Serial #,Type,Threat/Content Type,Config Version,Generate Time,Source address,Destination address,NAT Source IP,NAT Destination IP,Rule,Source User,Destination User,Application,Virtual System,Source Zone,Destination Zone,Inbound Interface,Outbound Interface,Log Action,Time Logged,Session ID,Repeat Count,Source Port,Destination Port,NAT Source Port,NAT Destination Port,Flags,IP Protocol,Action,Bytes,Bytes Sent,Bytes Received,Packets,Start Time,Elapsed Time (sec),Category,tpadding,Sequence Number,Action Flags,Source Country,Destination Country,cpadding,Packets Sent,Packets Received,Session End Reason,DG Hierarchy Level 1,DG Hierarchy Level 2,DG Hierarchy Level 3,DG Hierarchy Level 4,Virtual System Name,Device Name,Action Source,Source VM UUID,Destination VM UUID,Tunnel ID/IMSI,Monitor Tag/IMEI,Parent Session ID,Parent Session Start Time,Tunnel,SCTP Association ID,SCTP Chunks,SCTP Chunks Sent,SCTP Chunks Received
1,2021/6/21 10:00,1801038829,TRAFFIC,end,2049,2021/6/21 10:00,192.168.88.10,143.90.130.165,61.206.169.146,143.90.130.165,dmz-dns-untrust,,,dns,vsys1,DMZ,untrust,ethernet1/7,ethernet1/8,nri-Log-Forwarding-Profile,2021/6/21 10:00,111471,1,43291,53,43308,53,0x400019,udp,allow,534,97,437,2,2021/6/21 9:59,0,any,0,33088515963,0x0,192.168.0.0-192.168.255.255,Japan,0,1,1,aged-out,0,0,0,0,,PA-00011SFBI,from-policy,,,0,,0,,N/A,0,0,0,0
1,2021/6/21 10:00,1801038829,TRAFFIC,end,2049,2021/6/21 10:00,172.29.201.62,192.168.51.201,,,trust3-zen_ad01,,,dns,vsys1,trust3,trust1,ethernet1/3,ethernet1/1,nri-Log-Forwarding-Profile,2021/6/21 10:00,176047,1,57355,53,0,0,0x19,udp,allow,231,80,151,2,2021/6/21 9:59,0,any,0,33088515962,0x0,172.16.0.0-172.31.255.255,192.168.0.0-192.168.255.255,0,1,1,aged-out,0,0,0,0,,PA-00011SFBI,from-policy,,,0,,0,,N/A,0,0,0,0
1,2021/6/21 10:00,1801038829,TRAFFIC,end,2049,2021/6/21 10:00,192.168.26.174,192.168.51.201,,,trust3-zen_ad01,,,dns,vsys1,trust3,trust1,ethernet1/3,ethernet1/1,nri-Log-Forwarding-Profile,2021/6/21 10:00,11296,1,58183,53,0,0,0x19,udp,allow,168,76,92,2,2021/6/21 9:59,0,any,0,33088515961,0x0,192.168.0.0-192.168.255.255,192.168.0.0-192.168.255.255,0,1,1,aged-out,0,0,0,0,,PA-00011SFBI,from-policy,,,0,,0,,N/A,0,0,0,0
1,2021/6/21 10:00,1801038829,TRAFFIC,end,2049,2021/6/21 10:00,192.168.88.10,143.90.130.165,61.206.169.146,143.90.130.165,dmz-dns-untrust,,,dns,vsys1,DMZ,untrust,ethernet1/7,ethernet1/8,nri-Log-Forwarding-Profile,2021/6/21 10:00,81273,1,32294,53,57909,53,0x400019,udp,allow,589,86,503,2,2021/6/21 9:59,0,any,0,33088515960,0x0,192.168.0.0-192.168.255.255,Japan,0,1,1,aged-out,0,0,0,0,,PA-00011SFBI,from-policy,,,0,,0,,N/A,0,0,0,0
1,2021/6/21 10:00,1801038829,TRAFFIC,end,2049,2021/6/21 10:00,172.29.207.186,192.168.51.201,,,trust3-zen_ad01,,,dns,vsys1,trust3,trust1,ethernet1/3,ethernet1/1,nri-Log-Forwarding-Profile,2021/6/21 10:00,51235,1,54755,53,0,0,0x19,udp,allow,294,94,200,2,2021/6/21 9:59,0,any,0,33088515959,0x0,172.16.0.0-172.31.255.255,192.168.0.0-192.168.255.255,0,1,1,aged-out,0,0,0,0,,PA-00011SFBI,from-policy,,,0,,0,,N/A,0,0,0,0
1,2021/6/21 10:00,1801038829,TRAFFIC,end,2049,2021/6/21 10:00,192.168.32.111,192.168.53.3,192.168.32.111,192.168.88.10,trust3-dns-dmz,,,dns,vsys1,trust3,DMZ,ethernet1/3,ethernet1/7,nri-Log-Forwarding-Profile,2021/6/21 10:00,109787,1,60819,53,60819,53,0x400019,udp,allow,510,94,416,2,2021/6/21 9:59,0,any,0,33088515958,0x0,192.168.0.0-192.168.255.255,192.168.0.0-192.168.255.255,0,1,1,aged-out,0,0,0,0,,PA-00011SFBI,from-policy,,,0,,0,,N/A,0,0,0,0
1,2021/6/21 10:00,1801038829,TRAFFIC,end,2049,2021/6/21 10:00,172.29.201.62,192.168.51.201,,,trust3-zen_ad01,,,dns,vsys1,trust3,trust1,ethernet1/3,ethernet1/1,nri-Log-Forwarding-Profile,2021/6/21 10:00,119632,1,59765,53,0,0,0x19,udp,allow,208,76,132,2,2021/6/21 9:59,0,any,0,33088515957,0x0,172.16.0.0-172.31.255.255,192.168.0.0-192.168.255.255,0,1,1,aged-out,0,0,0,0,,PA-00011SFBI,from-policy,,,0,,0,,N/A,0,0,0,0
1,2021/6/21 10:00,1801038829,TRAFFIC,end,2049,2021/6/21 10:00,192.168.100.86,192.168.53.3,192.168.100.86,192.168.88.10,trust3-dns-dmz,,,dns,vsys1,trust3,DMZ,ethernet1/3,ethernet1/7,nri-Log-Forwarding-Profile,2021/6/21 10:00,234795,1,53625,53,53625,53,0x400019,udp,allow,351,74,277,2,2021/6/21 9:59,0,any,0,33088515956,0x0,192.168.0.0-192.168.255.255,192.168.0.0-192.168.255.255,0,1,1,aged-out,0,0,0,0,,PA-00011SFBI,from-policy,,,0,,0,,N/A,0,0,0,0
1,2021/6/21 10:00,1801038829,TRAFFIC,end,2049,2021/6/21 10:00,192.168.230.50,192.168.51.201,,,trust3-zen_ad01,,,dns,vsys1,trust3,trust1,ethernet1/3,ethernet1/1,nri-Log-Forwarding-Profile,2021/6/21 10:00,167386,1,56103,53,0,0,0x19,udp,allow,231,80,151,2,2021/6/21 9:59,0,any,0,33088515955,0x0,192.168.0.0-192.168.255.255,192.168.0.0-192.168.255.255,0,1,1,aged-out,0,0,0,0,,PA-00011SFBI,from-policy,,,0,,0,,N/A,0,0,0,0
1,2021/6/21 10:00,1801038829,TRAFFIC,end,2049,2021/6/21 10:00,192.168.88.10,143.90.130.165,61.206.169.146,143.90.130.165,dmz-dns-untrust,,,dns,vsys1,DMZ,untrust,ethernet1/7,ethernet1/8,nri-Log-Forwarding-Profile,2021/6/21 10:00,33066,1,56998,53,53144,53,0x400019,udp,allow,591,86,505,2,2021/6/21 9:59,0,any,0,33088515954,0x0,192.168.0.0-192.168.255.255,Japan,0,1,1,aged-out,0,0,0,0,,PA-00011SFBI,from-policy,,,0,,0,,N/A,0,0,0,0
1,2021/6/21 10:00,1801038829,TRAFFIC,end,2049,2021/6/21 10:00,192.168.230.95,192.168.51.201,,,trust3-zen_ad01,,,dns,vsys1,trust3,trust1,ethernet1/3,ethernet1/1,nri-Log-Forwarding-Profile,2021/6/21 10:00,124739,1,61321,53,0,0,0x19,udp,allow,198,91,107,2,2021/6/21 9:59,0,any,0,33088515953,0x0,192.168.0.0-192.168.255.255,192.168.0.0-192.168.255.255,0,1,1,aged-out,0,0,0,0,,PA-00011SFBI,from-policy,,,0,,0,,N/A,0,0,0,0
1,2021/6/21 10:00,1801038829,TRAFFIC,end,2049,2021/6/21 10:00,172.29.201.57,192.168.51.201,,,trust3-zen_ad01,,,dns,vsys1,trust3,trust1,ethernet1/3,ethernet1/1,nri-Log-Forwarding-Profile,2021/6/21 10:00,226614,1,51741,53,0,0,0x19,udp,allow,168,76,92,2,2021/6/21 9:59,0,any,0,33088515952,0x0,172.16.0.0-172.31.255.255,192.168.0.0-192.168.255.255,0,1,1,aged-out,0,0,0,0,,PA-00011SFBI,from-policy,,,0,,0,,N/A,0,0,0,0
1,2021/6/21 10:00,1801038829,TRAFFIC,end,2049,2021/6/21 10:00,172.17.112.196,192.168.51.201,,,AWS_AD-zen_ad,,,dns,vsys1,trust6,trust1,ethernet1/6,ethernet1/1,nri-Log-Forwarding-Profile,2021/6/21 10:00,138479,1,59709,53,0,0,0x19,udp,allow,344,92,252,2,2021/6/21 9:59,0,any,0,33088515951,0x0,172.16.0.0-172.31.255.255,192.168.0.0-192.168.255.255,0,1,1,aged-out,0,0,0,0,,PA-00011SFBI,from-policy,,,0,,0,,N/A,0,0,0,0
1,2021/6/21 10:00,1801038829,TRAFFIC,end,2049,2021/6/21 10:00,172.17.102.198,192.168.51.201,,,AWS_AD-zen_ad,,,dns,vsys1,trust6,trust1,ethernet1/6,ethernet1/1,nri-Log-Forwarding-Profile,2021/6/21 10:00,220939,1,52843,53,0,0,0x19,udp,allow,369,114,255,2,2021/6/21 9:59,0,any,0,33088515950,0x0,172.16.0.0-172.31.255.255,192.168.0.0-192.168.255.255,0,1,1,aged-out,0,0,0,0,,PA-00011SFBI,from-policy,,,0,,0,,N/A,0,0,0,0
1,2021/6/21 10:00,1801038829,TRAFFIC,end,2049,2021/6/21 10:00,172.17.102.201,192.168.222.12,,,AWS_WS-trust3,,,dns,vsys1,trust6,trust3,ethernet1/6,ethernet1/3,nri-Log-Forwarding-Profile,2021/6/21 10:00,222709,1,54582,53,0,0,0x19,udp,allow,246,98,148,2,2021/6/21 9:59,0,any,0,33088515949,0x0,172.16.0.0-172.31.255.255,192.168.0.0-192.168.255.255,0,1,1,aged-out,0,0,0,0,,PA-00011SFBI,from-policy,,,0,,0,,N/A,0,0,0,0
1,2021/6/21 10:00,1801038829,TRAFFIC,end,2049,2021/6/21 10:00,172.17.112.240,192.168.51.201,,,AWS_AD-zen_ad,,,dns,vsys1,trust6,trust1,ethernet1/6,ethernet1/1,nri-Log-Forwarding-Profile,2021/6/21 10:00,233751,1,60080,53,0,0,0x19,udp,allow,294,91,203,2,2021/6/21 9:59,0,any,0,33088515948,0x0,172.16.0.0-172.31.255.255,192.168.0.0-192.168.255.255,0,1,1,aged-out,0,0,0,0,,PA-00011SFBI,from-policy,,,0,,0,,N/A,0,0,0,0
1,2021/6/21 10:00,1801038829,TRAFFIC,end,2049,2021/6/21 10:00,192.168.254.45,192.168.51.201,,,trust3-zen_ad01,,,dns,vsys1,trust3,trust1,ethernet1/3,ethernet1/1,nri-Log-Forwarding-Profile,2021/6/21 10:00,174394,1,65446,53,0,0,0x19,udp,allow,198,91,107,2,2021/6/21 9:59,0,any,0,33088515947,0x0,192.168.0.0-192.168.255.255,192.168.0.0-192.168.255.255,0,1,1,aged-out,0,0,0,0,,PA-00011SFBI,from-policy,,,0,,0,,N/A,0,0,0,0
1,2021/6/21 10:00,1801038829,TRAFFIC,end,2049,2021/6/21 10:00,172.29.207.230,192.168.51.201,,,trust3-zen_ad01,,,dns,vsys1,trust3,trust1,ethernet1/3,ethernet1/1,nri-Log-Forwarding-Profile,2021/6/21 10:00,165197,1,57296,53,0,0,0x19,udp,allow,282,89,193,2,2021/6/21 9:59,0,any,0,33088515946,0x0,172.16.0.0-172.31.255.255,192.168.0.0-192.168.255.255,0,1,1,aged-out,0,0,0,0,,PA-00011SFBI,from-policy,,,0,,0,,N/A,0,0,0,0
1,2021/6/21 10:00,1801038829,TRAFFIC,end,2049,2021/6/21 10:00,192.168.236.29,192.168.51.201,,,trust3-zen_ad01,,,dns,vsys1,trust3,trust1,ethernet1/3,ethernet1/1,nri-Log-Forwarding-Profile,2021/6/21 10:00,221993,1,55108,53,0,0,0x19,udp,allow,194,89,105,2,2021/6/21 9:59,0,any,0,33088515945,0x0,192.168.0.0-192.168.255.255,192.168.0.0-192.168.255.255,0,1,1,aged-out,0,0,0,0,,PA-00011SFBI,from-policy,,,0,,0,,N/A,0,0,0,0
1,2021/6/21 10:00,1801038829,TRAFFIC,end,2049,2021/6/21 10:00,172.29.201.52,192.168.51.201,,,trust3-zen_ad01,,,dns,vsys1,trust3,trust1,ethernet1/3,ethernet1/1,nri-Log-Forwarding-Profile,2021/6/21 10:00,140071,1,63189,53,0,0,0x19,udp,allow,208,76,132,2,2021/6/21 9:59,0,any,0,33088515944,0x0,172.16.0.0-172.31.255.255,192.168.0.0-192.168.255.255,0,1,1,aged-out,0,0,0,0,,PA-00011SFBI,from-policy,,,0,,0,,N/A,0,0,0,0
1,2021/6/21 10:00,1801038829,TRAFFIC,end,2049,2021/6/21 10:00,192.168.88.10,143.90.130.165,61.206.169.146,143.90.130.165,dmz-dns-untrust,,,dns,vsys1,DMZ,untrust,ethernet1/7,ethernet1/8,nri-Log-Forwarding-Profile,2021/6/21 10:00,183081,1,49755,53,3858,53,0x400019,udp,allow,496,86,410,2,2021/6/21 9:59,0,any,0,33088515943,0x0,192.168.0.0-192.168.255.255,Japan,0,1,1,aged-out,0,0,0,0,,PA-00011SFBI,from-policy,,,0,,0,,N/A,0,0,0,0
1,2021/6/21 10:00,1801038829,TRAFFIC,end,2049,2021/6/21 10:00,192.168.28.74,192.168.51.201,,,trust3-zen_ad01,,,dns,vsys1,trust3,trust1,ethernet1/3,ethernet1/1,nri-Log-Forwarding-Profile,2021/6/21 10:00,5838,1,62558,53,0,0,0x19,udp,allow,220,82,138,2,2021/6/21 9:59,0,any,0,33088515942,0x0,192.168.0.0-192.168.255.255,192.168.0.0-192.168.255.255,0,1,1,aged-out,0,0,0,0,,PA-00011SFBI,from-policy,,,0,,0,,N/A,0,0,0,0
1,2021/6/21 10:00,1801038829,TRAFFIC,end,2049,2021/6/21 10:00,172.29.201.166,192.168.51.201,,,trust3-zen_ad01,,,dns,vsys1,trust3,trust1,ethernet1/3,ethernet1/1,nri-Log-Forwarding-Profile,2021/6/21 10:00,223104,1,57061,53,0,0,0x19,udp,allow,289,90,199,2,2021/6/21 9:59,0,any,0,33088515941,0x0,172.16.0.0-172.31.255.255,192.168.0.0-192.168.255.255,0,1,1,aged-out,0,0,0,0,,PA-00011SFBI,from-policy,,,0,,0,,N/A,0,0,0,0
1,2021/6/21 10:00,1801038829,TRAFFIC,end,2049,2021/6/21 10:00,172.29.205.33,192.168.51.201,,,trust3-zen_ad01,,,dns,vsys1,trust3,trust1,ethernet1/3,ethernet1/1,nri-Log-Forwarding-Profile,2021/6/21 10:00,75069,1,55027,53,0,0,0x19,udp,allow,224,84,140,2,2021/6/21 9:59,0,any,0,33088515940,0x0,172.16.0.0-172.31.255.255,192.168.0.0-192.168.255.255,0,1,1,aged-out,0,0,0,0,,PA-00011SFBI,from-policy,,,0,,0,,N/A,0,0,0,0
1,2021/6/21 10:00,1801038829,TRAFFIC,end,2049,2021/6/21 10:00,192.168.28.74,192.168.51.201,,,trust3-zen_ad01,,,dns,vsys1,trust3,trust1,ethernet1/3,ethernet1/1,nri-Log-Forwarding-Profile,2021/6/21 10:00,110216,1,52500,53,0,0,0x19,udp,allow,257,81,176,2,2021/6/21 9:59,0,any,0,33088515939,0x0,192.168.0.0-192.168.255.255,192.168.0.0-192.168.255.255,0,1,1,aged-out,0,0,0,0,,PA-00011SFBI,from-policy,,,0,,0,,N/A,0,0,0,0
1,2021/6/21 10:00,1801038829,TRAFFIC,end,2049,2021/6/21 10:00,192.168.28.74,192.168.51.201,,,trust3-zen_ad01,,,dns,vsys1,trust3,trust1,ethernet1/3,ethernet1/1,nri-Log-Forwarding-Profile,2021/6/21 10:00,67493,1,50322,53,0,0,0x19,udp,allow,168,76,92,2,2021/6/21 9:59,1,any,0,33088515938,0x0,192.168.0.0-192.168.255.255,192.168.0.0-192.168.255.255,0,1,1,aged-out,0,0,0,0,,PA-00011SFBI,from-policy,,,0,,0,,N/A,0,0,0,0
1,2021/6/21 10:00,1801038829,TRAFFIC,end,2049,2021/6/21 10:00,192.168.226.111,192.168.51.201,,,trust3-zen_ad01,,,dns,vsys1,trust3,trust1,ethernet1/3,ethernet1/1,nri-Log-Forwarding-Profile,2021/6/21 10:00,223773,1,50328,53,0,0,0x19,udp,allow,195,79,116,2,2021/6/21 9:59,0,any,0,33088515937,0x0,192.168.0.0-192.168.255.255,192.168.0.0-192.168.255.255,0,1,1,aged-out,0,0,0,0,,PA-00011SFBI,from-policy,,,0,,0,,N/A,0,0,0,0
1,2021/6/21 10:00,1801038829,TRAFFIC,end,2049,2021/6/21 10:00,172.29.205.205,192.168.51.201,,,trust3-zen_ad01,,,dns,vsys1,trust3,trust1,ethernet1/3,ethernet1/1,nri-Log-Forwarding-Profile,2021/6/21 10:00,252383,1,50618,53,0,0,0x19,udp,allow,346,108,238,2,2021/6/21 9:59,0,any,0,33088515936,0x0,172.16.0.0-172.31.255.255,192.168.0.0-192.168.255.255,0,1,1,aged-out,0,0,0,0,,PA-00011SFBI,from-policy,,,0,,0,,N/A,0,0,0,0
1,2021/6/21 10:00,1801038829,TRAFFIC,end,2049,2021/6/21 10:00,172.29.201.62,192.168.51.201,,,trust3-zen_ad01,,,dns,vsys1,trust3,trust1,ethernet1/3,ethernet1/1,nri-Log-Forwarding-Profile,2021/6/21 10:00,157,1,60336,53,0,0,0x19,udp,allow,228,86,142,2,2021/6/21 9:59,0,any,0,33088515935,0x0,172.16.0.0-172.31.255.255,192.168.0.0-192.168.255.255,0,1,1,aged-out,0,0,0,0,,PA-00011SFBI,from-policy,,,0,,0,,N/A,0,0,0,0
1,2021/6/21 10:00,1801038829,TRAFFIC,end,2049,2021/6/21 10:00,172.17.102.230,192.168.51.201,,,AWS_AD-zen_ad,,,dns,vsys1,trust6,trust1,ethernet1/6,ethernet1/1,nri-Log-Forwarding-Profile,2021/6/21 10:00,218554,1,54896,53,0,0,0x19,udp,allow,231,80,151,2,2021/6/21 9:59,0,any,0,33088515934,0x0,172.16.0.0-172.31.255.255,192.168.0.0-192.168.255.255,0,1,1,aged-out,0,0,0,0,,PA-00011SFBI,from-policy,,,0,,0,,N/A,0,0,0,0
1,2021/6/21 10:00,1801038829,TRAFFIC,end,2049,2021/6/21 10:00,192.168.88.10,143.90.130.165,61.206.169.146,143.90.130.165,dmz-dns-untrust,,,dns,vsys1,DMZ,untrust,ethernet1/7,ethernet1/8,nri-Log-Forwarding-Profile,2021/6/21 10:00,161568,1,61980,53,32162,53,0x400019,udp,allow,342,102,240,2,2021/6/21 9:59,0,any,0,33088515933,0x0,192.168.0.0-192.168.255.255,Japan,0,1,1,aged-out,0,0,0,0,,PA-00011SFBI,from-policy,,,0,,0,,N/A,0,0,0,0
1,2021/6/21 10:00,1801038829,TRAFFIC,end,2049,2021/6/21 10:00,172.29.201.242,192.168.51.201,,,trust3-zen_ad01,,,dns,vsys1,trust3,trust1,ethernet1/3,ethernet1/1,nri-Log-Forwarding-Profile,2021/6/21 10:00,49659,1,58851,53,0,0,0x19,udp,allow,293,117,176,2,2021/6/21 9:59,0,any,0,33088515932,0x0,172.16.0.0-172.31.255.255,192.168.0.0-192.168.255.255,0,1,1,aged-out,0,0,0,0,,PA-00011SFBI,from-policy,,,0,,0,,N/A,0,0,0,0
1,2021/6/21 10:00,1801038829,TRAFFIC,end,2049,2021/6/21 10:00,192.168.35.165,142.250.196.98,61.206.169.146,142.250.196.98,trust3_GoogleMeet,,,unknown-udp,vsys1,trust3,untrust,ethernet1/3,ethernet1/8,nri-Log-Forwarding-Profile,2021/6/21 10:00,45036,1,49667,443,35500,443,0x400019,udp,allow,7334,3144,4190,16,2021/6/21 9:59,0,any,0,33088515931,0x0,192.168.0.0-192.168.255.255,United States,0,8,8,aged-out,0,0,0,0,,PA-00011SFBI,from-policy,,,0,,0,,N/A,0,0,0,0
1,2021/6/21 10:00,1801038829,TRAFFIC,end,2049,2021/6/21 10:00,172.29.201.82,192.168.51.201,,,trust3-zen_ad01,,,dns,vsys1,trust3,trust1,ethernet1/3,ethernet1/1,nri-Log-Forwarding-Profile,2021/6/21 10:00,100638,1,55410,53,0,0,0x19,udp,allow,289,90,199,2,2021/6/21 9:59,0,any,0,33088515930,0x0,172.16.0.0-172.31.255.255,192.168.0.0-192.168.255.255,0,1,1,aged-out,0,0,0,0,,PA-00011SFBI,from-policy,,,0,,0,,N/A,0,0,0,0
1,2021/6/21 10:00,1801038829,TRAFFIC,end,2049,2021/6/21 10:00,192.168.13.33,52.113.195.132,61.206.169.146,52.113.195.132,trust3_GoogleMeet,,,ms-teams,vsys1,trust3,untrust,ethernet1/3,ethernet1/8,nri-Log-Forwarding-Profile,2021/6/21 10:00,142580,1,49656,443,42574,443,0x400053,tcp,allow,11973,10245,1728,31,2021/6/21 9:57,127,computer-and-internet-info,0,33088515929,0x0,192.168.0.0-192.168.255.255,United States,0,16,15,tcp-rst-from-server,0,0,0,0,,PA-00011SFBI,from-policy,,,0,,0,,N/A,0,0,0,0
1,2021/6/21 10:00,1801038829,TRAFFIC,end,2049,2021/6/21 10:00,172.29.207.204,52.113.195.132,61.206.169.146,52.113.195.132,trust3_GoogleMeet,,,ms-teams,vsys1,trust3,untrust,ethernet1/3,ethernet1/8,nri-Log-Forwarding-Profile,2021/6/21 10:00,50544,1,63862,443,47970,443,0x400053,tcp,allow,18599,10700,7899,44,2021/6/21 9:57,122,computer-and-internet-info,0,33088515928,0x0,172.16.0.0-172.31.255.255,United States,0,20,24,tcp-rst-from-server,0,0,0,0,,PA-00011SFBI,from-policy,,,0,,0,,N/A,0,0,0,0
1,2021/6/21 10:00,1801038829,TRAFFIC,end,2049,2021/6/21 10:00,192.168.164.216,67.27.63.254,61.206.169.146,67.27.63.254,trust3_GoogleMeet,,,ms-update,vsys1,trust3,untrust,ethernet1/3,ethernet1/8,nri-Log-Forwarding-Profile,2021/6/21 10:00,24836,1,55034,80,62249,80,0x40001c,tcp,allow,1071706,21916,1049790,1051,2021/6/21 9:59,25,computer-and-internet-info,0,33088515927,0x0,192.168.0.0-192.168.255.255,United States,0,351,700,tcp-fin,0,0,0,0,,PA-00011SFBI,from-policy,,,0,,0,,N/A,0,0,0,0
1,2021/6/21 10:00,1801038829,TRAFFIC,end,2049,2021/6/21 10:00,172.29.201.181,101.53.161.194,61.206.169.146,101.53.161.194,trust3_GoogleMeet,,,ssl,vsys1,trust3,untrust,ethernet1/3,ethernet1/8,nri-Log-Forwarding-Profile,2021/6/21 10:00,75839,1,53367,443,61543,443,0x40001c,tcp,allow,3183,1913,1270,17,2021/6/21 9:59,1,business-and-economy,0,33088515926,0x0,172.16.0.0-172.31.255.255,Singapore,0,7,10,tcp-rst-from-client,0,0,0,0,,PA-00011SFBI,from-policy,,,0,,0,,N/A,0,0,0,0
1,2021/6/21 10:00,1801038829,TRAFFIC,end,2049,2021/6/21 10:00,192.168.252.227,65.9.41.135,61.206.169.146,65.9.41.135,trust3_GoogleMeet,,,incomplete,vsys1,trust3,untrust,ethernet1/3,ethernet1/8,nri-Log-Forwarding-Profile,2021/6/21 10:00,145114,1,58939,80,27615,80,0x40001c,tcp,allow,432,246,186,7,2021/6/21 9:59,31,any,0,33088515925,0x0,192.168.0.0-192.168.255.255,United States,0,4,3,tcp-fin,0,0,0,0,,PA-00011SFBI,from-policy,,,0,,0,,N/A,0,0,0,0
1,2021/6/21 10:00,1801038829,TRAFFIC,end,2049,2021/6/21 10:00,192.168.252.227,65.9.41.135,61.206.169.146,65.9.41.135,trust3_GoogleMeet,,,incomplete,vsys1,trust3,untrust,ethernet1/3,ethernet1/8,nri-Log-Forwarding-Profile,2021/6/21 10:00,6473,1,58696,80,61575,80,0x40001c,tcp,allow,432,246,186,7,2021/6/21 9:59,31,any,0,33088515924,0x0,192.168.0.0-192.168.255.255,United States,0,4,3,tcp-fin,0,0,0,0,,PA-00011SFBI,from-policy,,,0,,0,,N/A,0,0,0,0
1,2021/6/21 10:00,1801038829,TRAFFIC,end,2049,2021/6/21 10:00,172.29.201.2,192.168.51.201,,,trust3-zen_ad01,,,dns,vsys1,trust3,trust1,ethernet1/3,ethernet1/1,nri-Log-Forwarding-Profile,2021/6/21 10:00,252744,1,60367,53,0,0,0x19,udp,allow,184,74,110,2,2021/6/21 9:59,0,any,0,33088515923,0x0,172.16.0.0-172.31.255.255,192.168.0.0-192.168.255.255,0,1,1,aged-out,0,0,0,0,,PA-00011SFBI,from-policy,,,0,,0,,N/A,0,0,0,0
1,2021/6/21 10:00,1801038829,TRAFFIC,end,2049,2021/6/21 10:00,192.168.234.59,192.168.51.201,,,trust3-zen_ad01,,,dns,vsys1,trust3,trust1,ethernet1/3,ethernet1/1,nri-Log-Forwarding-Profile,2021/6/21 10:00,236958,1,56492,53,0,0,0x19,udp,allow,292,91,201,2,2021/6/21 9:59,0,any,0,33088515922,0x0,192.168.0.0-192.168.255.255,192.168.0.0-192.168.255.255,0,1,1,aged-out,0,0,0,0,,PA-00011SFBI,from-policy,,,0,,0,,N/A,0,0,0,0
1,2021/6/21 10:00,1801038829,TRAFFIC,end,2049,2021/6/21 10:00,172.17.112.59,192.168.51.201,,,AWS_AD-zen_ad,,,dns,vsys1,trust6,trust1,ethernet1/6,ethernet1/1,nri-Log-Forwarding-Profile,2021/6/21 10:00,153242,1,52174,53,0,0,0x19,udp,allow,346,108,238,2,2021/6/21 9:59,0,any,0,33088515921,0x0,172.16.0.0-172.31.255.255,192.168.0.0-192.168.255.255,0,1,1,aged-out,0,0,0,0,,PA-00011SFBI,from-policy,,,0,,0,,N/A,0,0,0,0
1,2021/6/21 10:00,1801038829,TRAFFIC,end,2049,2021/6/21 10:00,172.17.102.101,192.168.51.201,,,AWS_AD-zen_ad,,,dns,vsys1,trust6,trust1,ethernet1/6,ethernet1/1,nri-Log-Forwarding-Profile,2021/6/21 10:00,31994,1,63271,53,0,0,0x19,udp,allow,344,92,252,2,2021/6/21 9:59,0,any,0,33088515920,0x0,172.16.0.0-172.31.255.255,192.168.0.0-192.168.255.255,0,1,1,aged-out,0,0,0,0,,PA-00011SFBI,from-policy,,,0,,0,,N/A,0,0,0,0
1,2021/6/21 10:00,1801038829,TRAFFIC,end,2049,2021/6/21 10:00,172.29.205.248,192.168.51.201,,,trust3-zen_ad01,,,dns,vsys1,trust3,trust1,ethernet1/3,ethernet1/1,nri-Log-Forwarding-Profile,2021/6/21 10:00,84578,1,49199,53,0,0,0x19,udp,allow,198,91,107,2,2021/6/21 9:59,0,any,0,33088515919,0x0,172.16.0.0-172.31.255.255,192.168.0.0-192.168.255.255,0,1,1,aged-out,0,0,0,0,,PA-00011SFBI,from-policy,,,0,,0,,N/A,0,0,0,0
1,2021/6/21 10:00,1801038829,TRAFFIC,end,2049,2021/6/21 10:00,172.17.112.34,192.168.51.201,,,AWS_AD-zen_ad,,,dns,vsys1,trust6,trust1,ethernet1/6,ethernet1/1,nri-Log-Forwarding-Profile,2021/6/21 10:00,19252,1,55324,53,0,0,0x19,udp,allow,346,108,238,2,2021/6/21 9:59,0,any,0,33088515918,0x0,172.16.0.0-172.31.255.255,192.168.0.0-192.168.255.255,0,1,1,aged-out,0,0,0,0,,PA-00011SFBI,from-policy,,,0,,0,,N/A,0,0,0,0
1,2021/6/21 10:00,1801038829,TRAFFIC,end,2049,2021/6/21 10:00,192.168.252.227,112.78.125.232,61.206.169.146,112.78.125.232,trust3_GoogleMeet,,,web-browsing,vsys1,trust3,untrust,ethernet1/3,ethernet1/8,nri-Log-Forwarding-Profile,2021/6/21 10:00,63017,1,52950,80,58260,80,0x40001c,tcp,allow,16183,1883,14300,25,2021/6/21 9:59,14,computer-and-internet-info,0,33088515917,0x0,192.168.0.0-192.168.255.255,Japan,0,10,15,tcp-fin,0,0,0,0,,PA-00011SFBI,from-policy,,,0,,0,,N/A,0,0,0,0
1,2021/6/21 10:00,1801038829,TRAFFIC,end,2049,2021/6/21 10:00,192.168.252.227,112.78.125.232,61.206.169.146,112.78.125.232,trust3_GoogleMeet,,,web-browsing,vsys1,trust3,untrust,ethernet1/3,ethernet1/8,nri-Log-Forwarding-Profile,2021/6/21 10:00,252880,1,50528,80,52804,80,0x40001c,tcp,allow,19061,1939,17122,28,2021/6/21 9:59,14,computer-and-internet-info,0,33088515916,0x0,192.168.0.0-192.168.255.255,Japan,0,11,17,tcp-fin,0,0,0,0,,PA-00011SFBI,from-policy,,,0,,0,,N/A,0,0,0,0
1,2021/6/21 10:00,1801038829,TRAFFIC,end,2049,2021/6/21 10:00,172.29.203.42,96.16.201.21,61.206.169.146,96.16.201.21,trust3_GoogleMeet,,,ssl,vsys1,trust3,untrust,ethernet1/3,ethernet1/8,nri-Log-Forwarding-Profile,2021/6/21 10:00,83763,1,60363,443,40346,443,0x40001a,tcp,allow,8871,1429,7442,26,2021/6/21 9:59,1,computer-and-internet-info,0,33088515915,0x0,172.16.0.0-172.31.255.255,Japan,0,11,15,tcp-rst-from-client,0,0,0,0,,PA-00011SFBI,from-policy,,,0,,0,,N/A,0,0,0,0
1,2021/6/21 10:00,1801038829,TRAFFIC,end,2049,2021/6/21 10:00,192.168.28.243,40.77.226.250,61.206.169.146,40.77.226.250,trust3_GoogleMeet,,,ssl,vsys1,trust3,untrust,ethernet1/3,ethernet1/8,nri-Log-Forwarding-Profile,2021/6/21 10:00,213302,1,62515,443,63667,443,0x400053,tcp,allow,12892,5885,7007,26,2021/6/21 9:56,166,computer-and-internet-info,0,33088515914,0x0,192.168.0.0-192.168.255.255,Ireland,0,16,10,tcp-rst-from-client,0,0,0,0,,PA-00011SFBI,from-policy,,,0,,0,,N/A,0,0,0,0
1,2021/6/21 10:00,1801038829,TRAFFIC,end,2049,2021/6/21 10:00,192.168.28.243,117.18.237.29,61.206.169.146,117.18.237.29,trust3_GoogleMeet,,,ocsp,vsys1,trust3,untrust,ethernet1/3,ethernet1/8,nri-Log-Forwarding-Profile,2021/6/21 10:00,52900,1,62522,80,43402,80,0x40001a,tcp,allow,3084,1072,2012,17,2021/6/21 9:57,159,computer-and-internet-info,0,33088515913,0x0,192.168.0.0-192.168.255.255,Taiwan ROC,0,10,7,tcp-rst-from-client,0,0,0,0,,PA-00011SFBI,from-policy,,,0,,0,,N/A,0,0,0,0
1,2021/6/21 10:00,1801038829,TRAFFIC,end,2049,2021/6/21 10:00,172.29.207.13,172.217.26.35,61.206.169.146,172.217.26.35,trust3_GoogleMeet,,,ssl,vsys1,trust3,untrust,ethernet1/3,ethernet1/8,nri-Log-Forwarding-Profile,2021/6/21 10:00,115891,1,52326,443,60482,443,0x400053,tcp,allow,22268,13192,9076,182,2021/6/21 9:46,799,computer-and-internet-info,0,33088515912,0x0,172.16.0.0-172.31.255.255,United States,0,88,94,tcp-fin,0,0,0,0,,PA-00011SFBI,from-policy,,,0,,0,,N/A,0,0,0,0
1,2021/6/21 10:00,1801038829,TRAFFIC,end,2049,2021/6/21 10:00,172.29.201.244,192.168.51.201,,,trust3-zen_ad01,,,dns,vsys1,trust3,trust1,ethernet1/3,ethernet1/1,nri-Log-Forwarding-Profile,2021/6/21 10:00,69273,1,49660,53,0,0,0x19,udp,allow,228,86,142,2,2021/6/21 9:59,0,any,0,33088515911,0x0,172.16.0.0-172.31.255.255,192.168.0.0-192.168.255.255,0,1,1,aged-out,0,0,0,0,,PA-00011SFBI,from-policy,,,0,,0,,N/A,0,0,0,0
1,2021/6/21 10:00,1801038829,TRAFFIC,end,2049,2021/6/21 10:00,192.168.161.100,192.168.53.3,192.168.161.100,192.168.88.10,trust3-dns-dmz,,,dns,vsys1,trust3,DMZ,ethernet1/3,ethernet1/7,nri-Log-Forwarding-Profile,2021/6/21 10:00,76893,1,49775,53,49775,53,0x400019,udp,allow,368,108,260,2,2021/6/21 9:59,0,any,0,33088515910,0x0,192.168.0.0-192.168.255.255,192.168.0.0-192.168.255.255,0,1,1,aged-out,0,0,0,0,,PA-00011SFBI,from-policy,,,0,,0,,N/A,0,0,0,0
1,2021/6/21 10:00,1801038829,TRAFFIC,end,2049,2021/6/21 10:00,172.17.112.163,192.168.51.201,,,AWS_AD-zen_ad,,,dns,vsys1,trust6,trust1,ethernet1/6,ethernet1/1,nri-Log-Forwarding-Profile,2021/6/21 10:00,186896,1,50529,53,0,0,0x19,udp,allow,346,108,238,2,2021/6/21 9:59,0,any,0,33088515909,0x0,172.16.0.0-172.31.255.255,192.168.0.0-192.168.255.255,0,1,1,aged-out,0,0,0,0,,PA-00011SFBI,from-policy,,,0,,0,,N/A,0,0,0,0
1,2021/6/21 10:00,1801038829,TRAFFIC,end,2049,2021/6/21 10:00,172.29.201.185,192.168.51.201,,,trust3-zen_ad01,,,dns,vsys1,trust3,trust1,ethernet1/3,ethernet1/1,nri-Log-Forwarding-Profile,2021/6/21 10:00,244885,1,57345,53,0,0,0x19,udp,allow,174,79,95,2,2021/6/21 9:59,0,any,0,33088515908,0x0,172.16.0.0-172.31.255.255,192.168.0.0-192.168.255.255,0,1,1,aged-out,0,0,0,0,,PA-00011SFBI,from-policy,,,0,,0,,N/A,0,0,0,0
1,2021/6/21 10:00,1801038829,TRAFFIC,end,2049,2021/6/21 10:00,192.168.51.201,192.168.51.3,192.168.51.201,192.168.88.10,trust1-dns-dmz,,,dns,vsys1,trust1,DMZ,ethernet1/1,ethernet1/7,nri-Log-Forwarding-Profile,2021/6/21 10:00,182203,1,62405,53,62405,53,0x400019,udp,allow,366,91,275,2,2021/6/21 9:59,0,any,0,33088515907,0x0,192.168.0.0-192.168.255.255,192.168.0.0-192.168.255.255,0,1,1,aged-out,0,0,0,0,,PA-00011SFBI,from-policy,,,0,,0,,N/A,0,0,0,0
1,2021/6/21 10:00,1801038829,TRAFFIC,end,2049,2021/6/21 10:00,172.17.112.87,192.168.51.201,,,AWS_AD-zen_ad,,,dns,vsys1,trust6,trust1,ethernet1/6,ethernet1/1,nri-Log-Forwarding-Profile,2021/6/21 10:00,250634,1,60144,53,0,0,0x19,udp,allow,176,80,96,2,2021/6/21 9:59,0,any,0,33088515906,0x0,172.16.0.0-172.31.255.255,192.168.0.0-192.168.255.255,0,1,1,aged-out,0,0,0,0,,PA-00011SFBI,from-policy,,,0,,0,,N/A,0,0,0,0
1,2021/6/21 10:00,1801038829,TRAFFIC,end,2049,2021/6/21 10:00,172.17.112.217,192.168.51.201,,,AWS_AD-zen_ad,,,dns,vsys1,trust6,trust1,ethernet1/6,ethernet1/1,nri-Log-Forwarding-Profile,2021/6/21 10:00,127659,1,63415,53,0,0,0x19,udp,allow,257,71,186,2,2021/6/21 9:59,0,any,0,33088515905,0x0,172.16.0.0-172.31.255.255,192.168.0.0-192.168.255.255,0,1,1,aged-out,0,0,0,0,,PA-00011SFBI,from-policy,,,0,,0,,N/A,0,0,0,0
1,2021/6/21 10:00,1801038829,TRAFFIC,end,2049,2021/6/21 10:00,172.17.112.195,192.168.51.201,,,AWS_AD-zen_ad,,,dns,vsys1,trust6,trust1,ethernet1/6,ethernet1/1,nri-Log-Forwarding-Profile,2021/6/21 10:00,103529,1,62009,53,0,0,0x19,udp,allow,246,98,148,2,2021/6/21 9:59,0,any,0,33088515904,0x0,172.16.0.0-172.31.255.255,192.168.0.0-192.168.255.255,0,1,1,aged-out,0,0,0,0,,PA-00011SFBI,from-policy,,,0,,0,,N/A,0,0,0,0
1,2021/6/21 10:00,1801038829,TRAFFIC,end,2049,2021/6/21 10:00,192.168.51.201,192.168.51.3,192.168.51.201,192.168.88.10,trust1-dns-dmz,,,dns,vsys1,trust1,DMZ,ethernet1/1,ethernet1/7,nri-Log-Forwarding-Profile,2021/6/21 10:00,30902,1,63051,53,63051,53,0x400019,udp,allow,336,109,227,2,2021/6/21 9:59,0,any,0,33088515903,0x0,192.168.0.0-192.168.255.255,192.168.0.0-192.168.255.255,0,1,1,aged-out,0,0,0,0,,PA-00011SFBI,from-policy,,,0,,0,,N/A,0,0,0,0
1,2021/6/21 10:00,1801038829,TRAFFIC,end,2049,2021/6/21 10:00,192.168.234.59,192.168.51.201,,,trust3-zen_ad01,,,dns,vsys1,trust3,trust1,ethernet1/3,ethernet1/1,nri-Log-Forwarding-Profile,2021/6/21 10:00,173248,1,52859,53,0,0,0x19,udp,allow,287,88,199,2,2021/6/21 9:59,0,any,0,33088515902,0x0,192.168.0.0-192.168.255.255,192.168.0.0-192.168.255.255,0,1,1,aged-out,0,0,0,0,,PA-00011SFBI,from-policy,,,0,,0,,N/A,0,0,0,0
1,2021/6/21 10:00,1801038829,TRAFFIC,end,2049,2021/6/21 10:00,192.168.28.74,192.168.51.201,,,trust3-zen_ad01,,,dns,vsys1,trust3,trust1,ethernet1/3,ethernet1/1,nri-Log-Forwarding-Profile,2021/6/21 10:00,241254,1,64563,53,0,0,0x19,udp,allow,175,69,106,2,2021/6/21 9:59,0,any,0,33088515901,0x0,192.168.0.0-192.168.255.255,192.168.0.0-192.168.255.255,0,1,1,aged-out,0,0,0,0,,PA-00011SFBI,from-policy,,,0,,0,,N/A,0,0,0,0
1,2021/6/21 10:00,1801038829,TRAFFIC,end,2049,2021/6/21 10:00,172.17.112.206,192.168.51.201,,,AWS_AD-zen_ad,,,dns,vsys1,trust6,trust1,ethernet1/6,ethernet1/1,nri-Log-Forwarding-Profile,2021/6/21 10:00,8700,1,52357,53,0,0,0x19,udp,allow,193,75,118,2,2021/6/21 9:59,0,any,0,33088515900,0x0,172.16.0.0-172.31.255.255,192.168.0.0-192.168.255.255,0,1,1,aged-out,0,0,0,0,,PA-00011SFBI,from-policy,,,0,,0,,N/A,0,0,0,0
1,2021/6/21 10:00,1801038829,TRAFFIC,end,2049,2021/6/21 10:00,192.168.190.46,192.168.51.201,,,trust3-zen_ad01,,,dns,vsys1,trust3,trust1,ethernet1/3,ethernet1/1,nri-Log-Forwarding-Profile,2021/6/21 10:00,133577,1,52347,53,0,0,0x19,udp,allow,198,91,107,2,2021/6/21 9:59,0,any,0,33088515899,0x0,192.168.0.0-192.168.255.255,192.168.0.0-192.168.255.255,0,1,1,aged-out,0,0,0,0,,PA-00011SFBI,from-policy,,,0,,0,,N/A,0,0,0,0
1,2021/6/21 10:00,1801038829,TRAFFIC,end,2049,2021/6/21 10:00,192.168.56.21,54.199.188.244,61.206.169.146,54.199.188.244,id_256,,,ssl,vsys1,trust5,untrust,ethernet1/5,ethernet1/8,nri-Log-Forwarding-Profile,2021/6/21 10:00,90716,1,45699,443,62611,443,0x40001c,tcp,allow,9496,3144,6352,27,2021/6/21 9:59,1,training-and-tools,0,33088515898,0x0,192.168.0.0-192.168.255.255,Japan,0,13,14,tcp-fin,0,0,0,0,,PA-00011SFBI,from-policy,,,0,,0,,N/A,0,0,0,0
1,2021/6/21 10:00,1801038829,TRAFFIC,end,2049,2021/6/21 10:00,192.168.28.243,40.77.226.250,61.206.169.146,40.77.226.250,trust3_GoogleMeet,,,ssl,vsys1,trust3,untrust,ethernet1/3,ethernet1/8,nri-Log-Forwarding-Profile,2021/6/21 10:00,72680,1,62520,443,4906,443,0x40001a,tcp,allow,10948,4491,6457,22,2021/6/21 9:57,162,computer-and-internet-info,0,33088515897,0x0,192.168.0.0-192.168.255.255,Ireland,0,14,8,tcp-rst-from-client,0,0,0,0,,PA-00011SFBI,from-policy,,,0,,0,,N/A,0,0,0,0
1,2021/6/21 10:00,1801038829,TRAFFIC,end,2049,2021/6/21 10:00,172.17.31.15,192.168.51.37,,,aws_zabbix-trust1,,,zabbix,vsys1,trust6,trust1,ethernet1/6,ethernet1/1,nri-Log-Forwarding-Profile,2021/6/21 10:00,79141,1,37448,10050,0,0,0x1c,tcp,allow,647,361,286,9,2021/6/21 9:59,0,any,0,33088515896,0x0,172.16.0.0-172.31.255.255,192.168.0.0-192.168.255.255,0,5,4,tcp-fin,0,0,0,0,,PA-00011SFBI,from-policy,,,0,,0,,N/A,0,0,0,0
1,2021/6/21 10:00,1801038829,TRAFFIC,end,2049,2021/6/21 10:00,192.168.231.189,172.217.31.142,61.206.169.146,172.217.31.142,trust3_GoogleMeet,,,google-base,vsys1,trust3,untrust,ethernet1/3,ethernet1/8,nri-Log-Forwarding-Profile,2021/6/21 10:00,90387,1,61254,443,13881,443,0x400053,tcp,allow,2192,1078,1114,12,2021/6/21 9:59,9,computer-and-internet-info,0,33088515895,0x0,192.168.0.0-192.168.255.255,United States,0,7,5,tcp-fin,0,0,0,0,,PA-00011SFBI,from-policy,,,0,,0,,N/A,0,0,0,0
1,2021/6/21 10:00,1801038829,TRAFFIC,end,2049,2021/6/21 10:00,172.17.31.15,192.168.51.118,,,aws_zabbix-trust1,,,zabbix,vsys1,trust6,trust1,ethernet1/6,ethernet1/1,nri-Log-Forwarding-Profile,2021/6/21 10:00,6688,1,35306,10050,0,0,0x1c,tcp,allow,666,371,295,9,2021/6/21 9:59,0,any,0,33088515894,0x0,172.16.0.0-172.31.255.255,192.168.0.0-192.168.255.255,0,5,4,tcp-fin,0,0,0,0,,PA-00011SFBI,from-policy,,,0,,0,,N/A,0,0,0,0
1,2021/6/21 10:00,1801038829,TRAFFIC,end,2049,2021/6/21 10:00,192.168.29.30,202.248.202.120,61.206.169.146,202.248.202.120,trust3_GoogleMeet,,,ssl,vsys1,trust3,untrust,ethernet1/3,ethernet1/8,nri-Log-Forwarding-Profile,2021/6/21 10:00,196345,1,57824,443,8761,443,0x400053,tcp,allow,41159,2945,38214,66,2021/6/21 9:59,1,computer-and-internet-info,0,33088515893,0x0,192.168.0.0-192.168.255.255,Japan,0,34,32,tcp-fin,0,0,0,0,,PA-00011SFBI,from-policy,,,0,,0,,N/A,0,0,0,0
1,2021/6/21 10:00,1801038829,TRAFFIC,end,2049,2021/6/21 10:00,192.168.88.10,143.90.130.165,61.206.169.146,143.90.130.165,dmz-dns-untrust,,,dns,vsys1,DMZ,untrust,ethernet1/7,ethernet1/8,nri-Log-Forwarding-Profile,2021/6/21 10:00,192598,1,51914,53,4834,53,0x400019,udp,allow,343,92,251,2,2021/6/21 9:59,0,any,0,33088515892,0x0,192.168.0.0-192.168.255.255,Japan,0,1,1,aged-out,0,0,0,0,,PA-00011SFBI,from-policy,,,0,,0,,N/A,0,0,0,0
1,2021/6/21 10:00,1801038829,TRAFFIC,end,2049,2021/6/21 10:00,172.29.201.52,192.168.51.201,,,trust3-zen_ad01,,,dns,vsys1,trust3,trust1,ethernet1/3,ethernet1/1,nri-Log-Forwarding-Profile,2021/6/21 10:00,195880,1,54765,53,0,0,0x19,udp,allow,231,80,151,2,2021/6/21 9:59,0,any,0,33088515891,0x0,172.16.0.0-172.31.255.255,192.168.0.0-192.168.255.255,0,1,1,aged-out,0,0,0,0,,PA-00011SFBI,from-policy,,,0,,0,,N/A,0,0,0,0
1,2021/6/21 10:00,1801038829,TRAFFIC,end,2049,2021/6/21 10:00,192.168.13.61,192.168.51.201,,,trust3-zen_ad01,,,dns,vsys1,trust3,trust1,ethernet1/3,ethernet1/1,nri-Log-Forwarding-Profile,2021/6/21 10:00,81265,1,49642,53,0,0,0x19,udp,allow,190,87,103,2,2021/6/21 9:59,0,any,0,33088515890,0x0,192.168.0.0-192.168.255.255,192.168.0.0-192.168.255.255,0,1,1,aged-out,0,0,0,0,,PA-00011SFBI,from-policy,,,0,,0,,N/A,0,0,0,0
1,2021/6/21 10:00,1801038829,TRAFFIC,end,2049,2021/6/21 10:00,172.29.201.242,192.168.51.201,,,trust3-zen_ad01,,,dns,vsys1,trust3,trust1,ethernet1/3,ethernet1/1,nri-Log-Forwarding-Profile,2021/6/21 10:00,115102,1,63878,53,0,0,0x19,udp,allow,282,79,203,2,2021/6/21 9:59,0,any,0,33088515889,0x0,172.16.0.0-172.31.255.255,192.168.0.0-192.168.255.255,0,1,1,aged-out,0,0,0,0,,PA-00011SFBI,from-policy,,,0,,0,,N/A,0,0,0,0
1,2021/6/21 10:00,1801038829,TRAFFIC,end,2049,2021/6/21 10:00,172.29.205.63,192.168.51.201,,,trust3-zen_ad01,,,dns,vsys1,trust3,trust1,ethernet1/3,ethernet1/1,nri-Log-Forwarding-Profile,2021/6/21 10:00,198260,1,60680,53,0,0,0x19,udp,allow,257,71,186,2,2021/6/21 9:59,0,any,0,33088515888,0x0,172.16.0.0-172.31.255.255,192.168.0.0-192.168.255.255,0,1,1,aged-out,0,0,0,0,,PA-00011SFBI,from-policy,,,0,,0,,N/A,0,0,0,0
1,2021/6/21 10:00,1801038829,TRAFFIC,end,2049,2021/6/21 10:00,172.22.216.80,142.250.196.142,61.206.169.146,142.250.196.142,trust3_GoogleMeet,,,quic,vsys1,trust3,untrust,ethernet1/3,ethernet1/8,nri-Log-Forwarding-Profile,2021/6/21 10:00,225620,1,61229,443,56059,443,0x400050,udp,allow,114726,14109,100617,206,2021/6/21 9:57,49,any,0,33088515887,0x0,172.16.0.0-172.31.255.255,United States,0,87,119,aged-out,0,0,0,0,,PA-00011SFBI,from-policy,,,0,,0,,N/A,0,0,0,0
1,2021/6/21 10:00,1801038829,TRAFFIC,end,2049,2021/6/21 10:00,192.168.48.185,192.168.51.201,,,trust3-zen_ad01,,,dns,vsys1,trust3,trust1,ethernet1/3,ethernet1/1,nri-Log-Forwarding-Profile,2021/6/21 10:00,129647,1,56828,53,0,0,0x19,udp,allow,412,92,320,2,2021/6/21 9:59,0,any,0,33088515886,0x0,192.168.0.0-192.168.255.255,192.168.0.0-192.168.255.255,0,1,1,aged-out,0,0,0,0,,PA-00011SFBI,from-policy,,,0,,0,,N/A,0,0,0,0
1,2021/6/21 10:00,1801038829,TRAFFIC,end,2049,2021/6/21 10:00,192.168.222.12,192.168.53.3,192.168.222.12,192.168.88.10,trust3-dns-dmz,,,dns,vsys1,trust3,DMZ,ethernet1/3,ethernet1/7,nri-Log-Forwarding-Profile,2021/6/21 10:00,245030,1,50389,53,50389,53,0x400019,udp,allow,342,102,240,2,2021/6/21 9:59,0,any,0,33088515885,0x0,192.168.0.0-192.168.255.255,192.168.0.0-192.168.255.255,0,1,1,aged-out,0,0,0,0,,PA-00011SFBI,from-policy,,,0,,0,,N/A,0,0,0,0
1,2021/6/21 10:00,1801038829,TRAFFIC,end,2049,2021/6/21 10:00,172.17.102.211,192.168.51.201,,,AWS_AD-zen_ad,,,dns,vsys1,trust6,trust1,ethernet1/6,ethernet1/1,nri-Log-Forwarding-Profile,2021/6/21 10:00,109036,1,62380,53,0,0,0x19,udp,allow,251,75,176,2,2021/6/21 9:59,0,any,0,33088515884,0x0,172.16.0.0-172.31.255.255,192.168.0.0-192.168.255.255,0,1,1,aged-out,0,0,0,0,,PA-00011SFBI,from-policy,,,0,,0,,N/A,0,0,0,0
1,2021/6/21 10:00,1801038829,TRAFFIC,end,2049,2021/6/21 10:00,172.29.205.190,192.168.51.201,,,trust3-zen_ad01,,,dns,vsys1,trust3,trust1,ethernet1/3,ethernet1/1,nri-Log-Forwarding-Profile,2021/6/21 10:00,4487,1,53764,53,0,0,0x19,udp,allow,168,76,92,2,2021/6/21 9:59,0,any,0,33088515883,0x0,172.16.0.0-172.31.255.255,192.168.0.0-192.168.255.255,0,1,1,aged-out,0,0,0,0,,PA-00011SFBI,from-policy,,,0,,0,,N/A,0,0,0,0
1,2021/6/21 10:00,1801038829,TRAFFIC,end,2049,2021/6/21 10:00,192.168.241.197,192.168.51.201,,,trust3-zen_ad01,,,dns,vsys1,trust3,trust1,ethernet1/3,ethernet1/1,nri-Log-Forwarding-Profile,2021/6/21 10:00,253193,1,49397,53,0,0,0x19,udp,allow,215,85,130,2,2021/6/21 9:59,0,any,0,33088515882,0x0,192.168.0.0-192.168.255.255,192.168.0.0-192.168.255.255,0,1,1,aged-out,0,0,0,0,,PA-00011SFBI,from-policy,,,0,,0,,N/A,0,0,0,0
1,2021/6/21 10:00,1801038829,TRAFFIC,end,2049,2021/6/21 10:00,192.168.230.83,192.168.51.201,,,trust3-zen_ad01,,,dns,vsys1,trust3,trust1,ethernet1/3,ethernet1/1,nri-Log-Forwarding-Profile,2021/6/21 10:00,746,1,57304,53,0,0,0x19,udp,allow,412,78,334,2,2021/6/21 9:59,0,any,0,33088515881,0x0,192.168.0.0-192.168.255.255,192.168.0.0-192.168.255.255,0,1,1,aged-out,0,0,0,0,,PA-00011SFBI,from-policy,,,0,,0,,N/A,0,0,0,0
1,2021/6/21 10:00,1801038829,TRAFFIC,end,2049,2021/6/21 10:00,172.17.31.15,192.168.51.207,,,aws_zabbix-trust1,,,zabbix,vsys1,trust6,trust1,ethernet1/6,ethernet1/1,nri-Log-Forwarding-Profile,2021/6/21 10:00,88400,1,39762,10050,0,0,0x1c,tcp,allow,733,439,294,10,2021/6/21 9:59,0,any,0,33088515880,0x0,172.16.0.0-172.31.255.255,192.168.0.0-192.168.255.255,0,6,4,tcp-fin,0,0,0,0,,PA-00011SFBI,from-policy,,,0,,0,,N/A,0,0,0,0
1,2021/6/21 10:00,1801038829,TRAFFIC,end,2049,2021/6/21 10:00,172.17.31.15,192.168.220.12,,,id_288,,,zabbix,vsys1,trust6,trust3,ethernet1/6,ethernet1/3,nri-Log-Forwarding-Profile,2021/6/21 10:00,140275,1,49554,10050,0,0,0x1c,tcp,allow,619,326,293,9,2021/6/21 9:59,0,any,0,33088515879,0x0,172.16.0.0-172.31.255.255,192.168.0.0-192.168.255.255,0,5,4,tcp-rst-from-client,0,0,0,0,,PA-00011SFBI,from-policy,,,0,,0,,N/A,0,0,0,0
1,2021/6/21 10:00,1801038829,TRAFFIC,end,2049,2021/6/21 10:00,172.17.102.105,23.41.52.78,61.206.169.146,23.41.52.78,id_285,,,ssl,vsys1,trust6,untrust,ethernet1/6,ethernet1/8,nri-Log-Forwarding-Profile,2021/6/21 10:00,172891,1,51096,443,4842,443,0x40001b,tcp,allow,9903,3224,6679,31,2021/6/21 9:51,499,computer-and-internet-info,0,33088515878,0x0,172.16.0.0-172.31.255.255,Japan,0,15,16,tcp-rst-from-client,0,0,0,0,,PA-00011SFBI,from-policy,,,0,,0,,N/A,0,0,0,0
1,2021/6/21 10:00,1801038829,TRAFFIC,end,2049,2021/6/21 10:00,172.17.112.33,13.107.136.9,61.206.169.146,13.107.136.9,id_285,,,sharepoint-online,vsys1,trust6,untrust,ethernet1/6,ethernet1/8,nri-Log-Forwarding-Profile,2021/6/21 10:00,108785,1,61156,443,43080,443,0x400053,tcp,allow,11776,4319,7457,24,2021/6/21 9:59,0,computer-and-internet-info,0,33088515877,0x0,172.16.0.0-172.31.255.255,United States,0,11,13,tcp-fin,0,0,0,0,,PA-00011SFBI,from-policy,,,0,,0,,N/A,0,0,0,0
1,2021/6/21 10:00,1801038829,TRAFFIC,end,2049,2021/6/21 10:00,192.168.230.107,192.168.51.209,,,trust3-zen-malionrel_group,,,soap,vsys1,trust3,trust1,ethernet1/3,ethernet1/1,nri-Log-Forwarding-Profile,2021/6/21 10:00,113734,1,58898,80,0,0,0x1b,tcp,allow,2140,1176,964,8,2021/6/21 9:57,123,private-ip-addresses,0,33088515876,0x0,192.168.0.0-192.168.255.255,192.168.0.0-192.168.255.255,0,4,4,tcp-rst-from-server,0,0,0,0,,PA-00011SFBI,from-policy,,,0,,0,,N/A,0,0,0,0
1,2021/6/21 10:00,1801038829,TRAFFIC,end,2049,2021/6/21 10:00,172.17.112.167,216.58.220.133,61.206.169.146,216.58.220.133,Google-allow,,,gmail-base,vsys1,trust6,untrust,ethernet1/6,ethernet1/8,nri-Log-Forwarding-Profile,2021/6/21 10:00,172015,1,58096,443,22399,443,0x400053,tcp,allow,22251,13429,8822,113,2021/6/21 9:50,544,web-based-email,0,33088515875,0x0,172.16.0.0-172.31.255.255,United States,0,50,63,tcp-fin,0,0,0,0,,PA-00011SFBI,from-policy,,,0,,0,,N/A,0,0,0,0
1,2021/6/21 10:00,1801038829,TRAFFIC,end,2049,2021/6/21 10:00,172.17.112.217,52.41.15.144,61.206.169.146,52.41.15.144,id_285,,,ssl,vsys1,trust6,untrust,ethernet1/6,ethernet1/8,nri-Log-Forwarding-Profile,2021/6/21 10:00,170436,1,57964,443,44839,443,0x400053,tcp,allow,9718,2618,7100,28,2021/6/21 9:59,6,computer-and-internet-info,0,33088515874,0x0,172.16.0.0-172.31.255.255,United States,0,13,15,tcp-rst-from-server,0,0,0,0,,PA-00011SFBI,from-policy,,,0,,0,,N/A,0,0,0,0
1,2021/6/21 10:00,1801038829,TRAFFIC,end,2049,2021/6/21 10:00,192.168.164.216,67.24.43.254,61.206.169.146,67.24.43.254,trust3_GoogleMeet,,,ms-update,vsys1,trust3,untrust,ethernet1/3,ethernet1/8,nri-Log-Forwarding-Profile,2021/6/21 10:00,106415,1,55036,80,45178,80,0x40001c,tcp,allow,1071948,22156,1049792,1055,2021/6/21 9:59,25,computer-and-internet-info,0,33088515873,0x0,192.168.0.0-192.168.255.255,United States,0,355,700,tcp-fin,0,0,0,0,,PA-00011SFBI,from-policy,,,0,,0,,N/A,0,0,0,0
1,2021/6/21 10:00,1801038829,TRAFFIC,end,2049,2021/6/21 10:00,192.168.252.227,112.78.125.232,61.206.169.146,112.78.125.232,trust3_GoogleMeet,,,web-browsing,vsys1,trust3,untrust,ethernet1/3,ethernet1/8,nri-Log-Forwarding-Profile,2021/6/21 10:00,40460,1,54202,80,30256,80,0x40001c,tcp,allow,54871,4577,50294,62,2021/6/21 9:59,14,computer-and-internet-info,0,33088515872,0x0,192.168.0.0-192.168.255.255,Japan,0,23,39,tcp-fin,0,0,0,0,,PA-00011SFBI,from-policy,,,0,,0,,N/A,0,0,0,0
1,2021/6/21 10:00,1801038829,TRAFFIC,end,2049,2021/6/21 10:00,192.168.184.44,52.114.159.22,61.206.169.146,52.114.159.22,trust3_GoogleMeet,,,ssl,vsys1,trust3,untrust,ethernet1/3,ethernet1/8,nri-Log-Forwarding-Profile,2021/6/21 10:00,248196,1,65118,443,46485,443,0x40001c,tcp,allow,8757,3827,4930,18,2021/6/21 9:59,1,computer-and-internet-info,0,33088515871,0x0,192.168.0.0-192.168.255.255,United States,0,10,8,tcp-fin,0,0,0,0,,PA-00011SFBI,from-policy,,,0,,0,,N/A,0,0,0,0
1,2021/6/21 10:00,1801038829,TRAFFIC,end,2049,2021/6/21 10:00,172.29.205.29,172.217.175.110,61.206.169.146,172.217.175.110,trust3_GoogleMeet,,,google-base,vsys1,trust3,untrust,ethernet1/3,ethernet1/8,nri-Log-Forwarding-Profile,2021/6/21 10:00,37076,1,62857,443,49101,443,0x400053,tcp,allow,2314,1134,1180,14,2021/6/21 9:58,64,search-engines,0,33088515870,0x0,172.16.0.0-172.31.255.255,United States,0,8,6,tcp-fin,0,0,0,0,,PA-00011SFBI,from-policy,,,0,,0,,N/A,0,0,0,0
1,2021/6/21 10:00,1801038829,TRAFFIC,end,2049,2021/6/21 10:00,192.168.28.243,23.37.159.226,61.206.169.146,23.37.159.226,trust3_GoogleMeet,,,ssl,vsys1,trust3,untrust,ethernet1/3,ethernet1/8,nri-Log-Forwarding-Profile,2021/6/21 10:00,257040,1,62517,443,59802,443,0x400053,tcp,allow,41303,6083,35220,70,2021/6/21 9:56,165,computer-and-internet-info,0,33088515869,0x0,192.168.0.0-192.168.255.255,Japan,0,36,34,tcp-rst-from-client,0,0,0,0,,PA-00011SFBI,from-policy,,,0,,0,,N/A,0,0,0,0
1,2021/6/21 10:00,1801038829,TRAFFIC,end,2049,2021/6/21 10:00,192.168.51.201,192.168.51.3,192.168.51.201,192.168.88.10,trust1-dns-dmz,,,dns,vsys1,trust1,DMZ,ethernet1/1,ethernet1/7,nri-Log-Forwarding-Profile,2021/6/21 10:00,4033,1,62672,53,62672,53,0x400019,udp,allow,504,94,410,2,2021/6/21 9:59,0,any,0,33088515868,0x0,192.168.0.0-192.168.255.255,192.168.0.0-192.168.255.255,0,1,1,aged-out,0,0,0,0,,PA-00011SFBI,from-policy,,,0,,0,,N/A,0,0,0,0
1,2021/6/21 10:00,1801038829,TRAFFIC,end,2049,2021/6/21 10:00,172.29.207.235,192.168.51.201,,,trust3-zen_ad01,,,dns,vsys1,trust3,trust1,ethernet1/3,ethernet1/1,nri-Log-Forwarding-Profile,2021/6/21 10:00,65276,1,50428,53,0,0,0x19,udp,allow,193,75,118,2,2021/6/21 9:59,0,any,0,33088515867,0x0,172.16.0.0-172.31.255.255,192.168.0.0-192.168.255.255,0,1,1,aged-out,0,0,0,0,,PA-00011SFBI,from-policy,,,0,,0,,N/A,0,0,0,0
1,2021/6/21 10:00,1801038829,TRAFFIC,end,2049,2021/6/21 10:00,192.168.88.10,143.90.130.165,61.206.169.146,143.90.130.165,dmz-dns-untrust,,,dns,vsys1,DMZ,untrust,ethernet1/7,ethernet1/8,nri-Log-Forwarding-Profile,2021/6/21 10:00,165605,1,15514,53,11384,53,0x400019,udp,allow,373,85,288,2,2021/6/21 9:59,0,any,0,33088515866,0x0,192.168.0.0-192.168.255.255,Japan,0,1,1,aged-out,0,0,0,0,,PA-00011SFBI,from-policy,,,0,,0,,N/A,0,0,0,0
1,2021/6/21 10:00,1801038829,TRAFFIC,end,2049,2021/6/21 10:00,192.168.88.10,143.90.130.165,61.206.169.146,143.90.130.165,dmz-dns-untrust,,,dns,vsys1,DMZ,untrust,ethernet1/7,ethernet1/8,nri-Log-Forwarding-Profile,2021/6/21 10:00,245678,1,12893,53,7900,53,0x400019,udp,allow,366,91,275,2,2021/6/21 9:59,0,any,0,33088515865,0x0,192.168.0.0-192.168.255.255,Japan,0,1,1,aged-out,0,0,0,0,,PA-00011SFBI,from-policy,,,0,,0,,N/A,0,0,0,0
1,2021/6/21 10:00,1801038829,TRAFFIC,end,2049,2021/6/21 10:00,192.168.28.74,192.168.51.201,,,trust3-zen_ad01,,,dns,vsys1,trust3,trust1,ethernet1/3,ethernet1/1,nri-Log-Forwarding-Profile,2021/6/21 10:00,47972,1,52299,53,0,0,0x19,udp,allow,256,75,181,2,2021/6/21 9:59,0,any,0,33088515864,0x0,192.168.0.0-192.168.255.255,192.168.0.0-192.168.255.255,0,1,1,aged-out,0,0,0,0,,PA-00011SFBI,from-policy,,,0,,0,,N/A,0,0,0,0
